{
    "message": "",
    "data": {
        "gender": {
            "distribution": {
                "sn_66": {
                    "True": {
                        "F": 1907,
                        "M": 2056
                    },
                    "False": {
                        "F": 2,
                        "M": 10
                    }
                }
            },
            "statistics": {
                "F": [68.61655316919854, 18.26593266383044, 18, 59, 72, 83, 98],
                "M": [63.7270087124879, 16.040566505212855, 19, 55, 65, 75, 93]
            }
        },
        "age": {
            "distribution": {
                "sn_66": {
                    "True": {
                        "70-79": 870,
                        "40-49": 281,
                        "80-89": 789,
                        "60-69": 806,
                        "30-39": 153,
                        "90-99": 235,
                        "50-59": 632,
                        "20-29": 182,
                        "10-19": 15
                    },
                    "False": {
                        "70-79": 6,
                        "40-49": 2,
                        "80-89": 0,
                        "60-69": 2,
                        "30-39": 0,
                        "90-99": 0,
                        "50-59": 2,
                        "20-29": 0,
                        "10-19": 0
                    }
                }
            },
            "statistics": {
                "70-79": [73.97602739726027, 2.923891062137667, 70, 71, 74, 76, 79],
                "40-49": [45.37809187279152, 2.82625994599039, 40, 43, 46, 48, 49],
                "80-89": [84.01647655259822, 2.7494313682562717, 80, 81, 84, 86, 89],
                "60-69": [64.44183168316832, 2.782327413394589, 60, 62, 65, 67, 69],
                "30-39": [34.248366013071895, 2.7821826100526534, 30, 32, 34, 37, 39],
                "90-99": [91.70212765957447, 1.4038240450445898, 90, 91, 91, 92, 98],
                "50-59": [55.38643533123028, 2.773242535534574, 50, 53, 56, 58, 59],
                "20-29": [24.543956043956044, 2.573932597142314, 20, 23, 24, 26, 29],
                "10-19": [18.266666666666666, 0.45773770821706344, 18, 18, 18, 18.5, 19]
            }
        }
    }
}
